method,prompt_length_group,avg_steps,fixed20_avg_steps,step_saving_percent_vs_fixed20,avg_time_no_warmup,fixed20_time_no_warmup,time_saving_seconds_vs_fixed20,time_saving_percent_vs_fixed20
deepseek_pcas_7_3,all,23.4,20.0,-16.999999999999993,1.3034504206896538,0.9963466413793459,-0.30710377931030786,-30.822985350274504
deepseek_pcas_7_3,10_words,15.0,20.0,25.0,0.9400391666667929,1.0189890666666643,0.07894989999987145,7.747865269853563
deepseek_pcas_7_3,30_words,27.2,20.0,-35.99999999999999,1.4195021899999118,0.9717766400000982,-0.4477255499998136,-46.0728866666077
deepseek_pcas_7_3,50_words,28.0,20.0,-40.0,1.51446877999997,1.0005384600000071,-0.513930319999963,-51.36537380081914
deepseek_balanced_pcas,all,18.466666666666665,20.0,7.666666666666674,0.8439278931029297,0.9963466413793459,0.15241874827641622,15.297763042128304
deepseek_balanced_pcas,10_words,12.0,20.0,40.0,0.6143014444436025,1.0189890666666643,0.40468762222306187,39.714618680540255
deepseek_balanced_pcas,30_words,21.4,20.0,-6.999999999999993,0.928099949999887,0.9717766400000982,0.04367669000021124,4.49451944020869
deepseek_balanced_pcas,50_words,22.0,20.0,-10.0,0.9664196399993671,1.0005384600000071,0.03411882000064004,3.410045826788087
