method,images,avg_time_seconds,avg_time_no_warmup_seconds,avg_peak_vram_gb,avg_reference_clip_similarity,avg_prompt_clipscore
base,6,1.2134341000019049,0.8837436200017692,6.979499816894531,80.67950507005055,32.68137524525324
lora,6,1.218062133333054,1.2179021599993576,6.985267639160156,79.72449660301208,32.77852684259415
