method,images,avg_time_seconds,avg_time_no_warmup_seconds,avg_peak_vram_gb,avg_reference_clip_similarity,avg_prompt_clipscore
base,6,1.2134341000019049,0.8837436200017692,6.979499816894531,80.67950507005055,32.68137524525324
lora_scale_2,6,1.522960533334602,1.2302989000003435,6.985267639160156,78.42287321885426,32.47235119342804
