method,num_prompts,avg_steps,avg_elapsed_seconds_no_warmup,speedup_percent_vs_fixed20,avg_clip_score,avg_clip_delta_vs_fixed20,quality_satisfaction_rate
fixed_20,30,20,1.5369830689654416,0.0,35.76220174630483,0.0,1.0
balanced_pcas,30,16,1.739687624138555,-13.18847027440295,35.77236741781235,0.010165671507517496,0.7333333333333333
deepseek_balanced_pcas,30,18.466666666666665,2.0233090206893394,-31.64159459812714,35.812825759251915,0.05062401294708252,0.7333333333333333
oracle_min_sufficient,30,10.933333333333334,1.1123271931034557,27.629183719494442,36.27566486597061,0.5134631196657816,1.0
calibrated_pcas,30,10.666666666666666,0.6747442379318869,56.09943586521979,36.23425334692001,0.47205160061518353,0.9666666666666667
calibrated_pcas_llm_features,30,11.333333333333334,1.0934986310340122,28.85421751782491,36.229678293069206,0.4674765467643738,0.9666666666666667
